{
  "toxic": {
    "threshold": 0.5000000000000001,
    "f1": 0.894962486602358
  },
  "severe_toxic": {
    "threshold": 0.40000000000000013,
    "f1": 0.7
  },
  "obscene": {
    "threshold": 0.30000000000000004,
    "f1": 0.9345172031076582
  },
  "threat": {
    "threshold": 0.40000000000000013,
    "f1": 0.6575342465753424
  },
  "insult": {
    "threshold": 0.5000000000000001,
    "f1": 0.8732394366197183
  },
  "identity_hate": {
    "threshold": 0.5500000000000002,
    "f1": 0.7272727272727273
  },
  "racism": {
    "threshold": 0.45000000000000007,
    "f1": 0.841025641025641
  }
}